year,origin,destination,submissions
2011,Afghanistan,UK,9
2011,Myanmar,Canada,114
2011,Eritrea,Canada,134
2011,Syrian Arab Rep.,Switzerland,36
2011,Iran (Islamic Rep. of),Sweden,48
2011,Dem. Rep. of the Congo,Belgium,3
2011,Iran (Islamic Rep. of),UK,6
2011,Sudan,Sweden,54
2011,Bhutan,USA,10403
2011,Afghanistan,New Zealand,7
2011,Dem. Rep. of the Congo,France,15
2011,Iran (Islamic Rep. of),Germany,17
2011,Iraq,Ireland,6
2011,Afghanistan,Canada,316
2011,Dem. Rep. of the Congo,Finland,160
2011,Iran (Islamic Rep. of),Australia,260
2011,Eritrea,Finland,16
2011,Syrian Arab Rep.,Netherlands,1
2011,Sudan,Netherlands,7
2011,Eritrea,Portugal,25
2011,Syrian Arab Rep.,Sweden,14
2011,Sudan,Australia,61
2011,Bhutan,Canada,1105
2011,Somalia,New Zealand,2
2011,Dem. Rep. of the Congo,Norway,59
2011,Iran (Islamic Rep. of),Belgium,3
2011,Iraq,Norway,12
2011,Afghanistan,Sweden,415
2011,Afghanistan,Denmark,1
2011,Iraq,Denmark,6
2011,Iraq,Australia,1154
2011,Iraq,Canada,2860
2011,Syrian Arab Rep.,France,1
2011,Somalia,Australia,727
2011,Eritrea,Belgium,14
2011,Syrian Arab Rep.,Denmark,1
2011,Sudan,Norway,103
2011,Bhutan,Australia,904
2011,Iran (Islamic Rep. of),Netherlands,21
2011,Iraq,USA,15493
2011,Syrian Arab Rep.,Norway,1
2011,Iraq,Netherlands,110
2011,Afghanistan,France,38
2011,Eritrea,Spain,11
2011,Afghanistan,Norway,284
2011,Iraq,Sweden,40
2011,Myanmar,Norway,184
2011,Somalia,France,83
2011,Eritrea,UK,2
2011,Eritrea,Norway,457
2011,Sudan,Finland,18
2011,Bhutan,Denmark,133
2011,Myanmar,USA,18475
2011,Somalia,USA,13087
2011,Syrian Arab Rep.,USA,57
2011,Dem. Rep. of the Congo,Canada,81
2011,Syrian Arab Rep.,Canada,13
2011,Somalia,Netherlands,13
2011,Iraq,Switzerland,38
2011,Afghanistan,Finland,344
2011,Somalia,Canada,423
2011,Myanmar,Denmark,178
2011,Somalia,Denmark,26
2011,Sudan,Spain,40
2011,Eritrea,France,3
2011,Sudan,Denmark,11
2011,Bhutan,UK,180
2011,Afghanistan,Netherlands,10
2011,Eritrea,USA,1549
2011,Dem. Rep. of the Congo,Netherlands,28
2011,Sudan,New Zealand,6
2011,Syrian Arab Rep.,Australia,1
2011,Iraq,Finland,10
2011,Somalia,Sweden,687
2011,Myanmar,New Zealand,351
2011,Somalia,Norway,305
2011,Iran (Islamic Rep. of),Canada,560
2011,Sudan,Ireland,26
2011,Eritrea,Denmark,51
2011,Sudan,Canada,15
2011,Bhutan,Netherlands,101
2011,Afghanistan,Australia,790
2011,Eritrea,Australia,224
2011,Eritrea,Netherlands,38
2011,Sudan,UK,2
2011,Myanmar,Finland,141
2011,Iran (Islamic Rep. of),France,22
2011,Somalia,Finland,7
2011,Myanmar,Sweden,50
2011,Dem. Rep. of the Congo,UK,34
2011,Dem. Rep. of the Congo,USA,2918
2011,Sudan,Portugal,3
2011,Iraq,New Zealand,214
2011,Iran (Islamic Rep. of),USA,1301
2011,Bhutan,Norway,181
2011,Myanmar,Australia,1623
2011,Bhutan,New Zealand,88
2011,Myanmar,Netherlands,143
2011,Eritrea,Sweden,392
2011,Somalia,UK,359
2011,Iraq,France,9
2011,Myanmar,Japan,31
2011,Iran (Islamic Rep. of),Denmark,3
2011,Sudan,USA,2171
2011,Dem. Rep. of the Congo,Denmark,170
2011,Dem. Rep. of the Congo,Australia,542
2011,Dem. Rep. of the Congo,Sweden,69
2011,Iran (Islamic Rep. of),Norway,255
2011,Iraq,UK,42
2011,Afghanistan,USA,827
2012,Somalia,Australia,38
2012,Eritrea,Germany,55
2012,Eritrea,Canada,198
2012,Iran (Islamic Rep. of),Ireland,5
2012,Afghanistan,Canada,449
2012,Bhutan,New Zealand,60
2012,Iran (Islamic Rep. of),Sweden,21
2012,Iran (Islamic Rep. of),Germany,12
2012,Iraq,USA,6392
2012,Dem. Rep. of the Congo,Norway,54
2012,Iraq,Sweden,26
2012,Syrian Arab Rep.,Australia,2
2012,Myanmar,Canada,219
2012,Somalia,Sweden,535
2012,Myanmar,Norway,181
2012,Sudan,USA,1943
2012,Myanmar,Denmark,122
2012,Dem. Rep. of the Congo,Australia,437
2012,Eritrea,Switzerland,1
2012,Eritrea,Sweden,293
2012,Iran (Islamic Rep. of),Finland,120
2012,Afghanistan,USA,838
2012,Bhutan,Norway,19
2012,Afghanistan,Sweden,484
2012,Iran (Islamic Rep. of),UK,4
2012,Iraq,Canada,582
2012,Somalia,Netherlands,7
2012,Myanmar,New Zealand,222
2012,Dem. Rep. of the Congo,UK,318
2012,Afghanistan,New Zealand,38
2012,Sudan,UK,96
2012,Myanmar,Czechia,63
2012,Eritrea,Norway,62
2012,Iraq,Germany,160
2012,Eritrea,Australia,325
2012,Iran (Islamic Rep. of),France,7
2012,Afghanistan,Netherlands,51
2012,Somalia,Ireland,2
2012,Myanmar,Sweden,1
2012,Iran (Islamic Rep. of),Portugal,2
2012,Iraq,Denmark,6
2012,Sudan,Netherlands,10
2012,Somalia,Denmark,70
2012,Dem. Rep. of the Congo,Ireland,20
2012,Iran (Islamic Rep. of),Australia,319
2012,Sudan,Australia,146
2012,Dem. Rep. of the Congo,Portugal,1
2012,Somalia,Norway,289
2012,Somalia,Germany,62
2012,Eritrea,New Zealand,14
2012,Syrian Arab Rep.,Norway,3
2012,Dem. Rep. of the Congo,USA,4198
2012,Afghanistan,Denmark,2
2012,Afghanistan,Australia,2230
2012,Iraq,France,1
2012,Iraq,Norway,18
2012,Iran (Islamic Rep. of),Netherlands,11
2012,Sudan,Canada,43
2012,Myanmar,Finland,155
2012,Iran (Islamic Rep. of),Canada,526
2012,Iran (Islamic Rep. of),New Zealand,9
2012,Iran (Islamic Rep. of),Norway,387
2012,Iraq,Australia,3275
2012,Sudan,New Zealand,117
2012,Bhutan,Canada,575
2012,Somalia,Finland,64
2012,Sudan,Germany,93
2012,Eritrea,Finland,45
2012,Eritrea,Italy,7
2012,Iran (Islamic Rep. of),USA,1453
2012,Sudan,France,1
2012,Myanmar,USA,19075
2012,Iran (Islamic Rep. of),Hungary,1
2012,Iraq,New Zealand,61
2012,Iraq,Netherlands,115
2012,Eritrea,Netherlands,39
2012,Myanmar,Netherlands,60
2012,Dem. Rep. of the Congo,Canada,1154
2012,Afghanistan,Finland,314
2012,Sudan,Sweden,129
2012,Bhutan,Australia,780
2012,Somalia,UK,350
2012,Sudan,Spain,2
2012,Eritrea,UK,18
2012,Iraq,UK,86
2012,Afghanistan,Norway,74
2012,Dem. Rep. of the Congo,Finland,180
2012,Somalia,USA,4456
2012,Iraq,Finland,38
2012,Syrian Arab Rep.,Sweden,56
2012,Myanmar,Japan,27
2012,Syrian Arab Rep.,New Zealand,1
2012,Dem. Rep. of the Congo,Sweden,54
2012,Afghanistan,France,59
2012,Sudan,Portugal,19
2012,Bhutan,Denmark,147
2012,Somalia,Portugal,3
2012,Sudan,Switzerland,1
2012,Eritrea,Denmark,60
2012,Syrian Arab Rep.,USA,16
2012,Dem. Rep. of the Congo,Denmark,12
2012,Eritrea,Spain,4
2012,Somalia,Canada,1246
2012,Syrian Arab Rep.,Switzerland,1
2012,Syrian Arab Rep.,Canada,11
2012,Somalia,France,28
2012,Dem. Rep. of the Congo,Germany,1
2012,Eritrea,USA,768
2012,Afghanistan,Iceland,25
2012,Sudan,Norway,27
2012,Bhutan,UK,101
2012,Dem. Rep. of the Congo,France,1
2012,Afghanistan,Portugal,1
2012,Eritrea,Portugal,2
2012,Dem. Rep. of the Congo,Netherlands,45
2012,Sudan,Denmark,5
2012,Eritrea,France,2
2012,Myanmar,Australia,1949
2012,Somalia,New Zealand,24
2012,Bhutan,USA,8241
2013,Syrian Arab Rep.,France,72
2013,Afghanistan,Brazil,1
2013,Bhutan,Canada,619
2013,Somalia,Sweden,373
2013,Somalia,Australia,37
2013,Myanmar,UK,2
2013,Somalia,UK,159
2013,Sudan,Netherlands,10
2013,Sudan,Denmark,38
2013,Syrian Arab Rep.,Sweden,424
2013,Somalia,Portugal,3
2013,Dem. Rep. of the Congo,Denmark,165
2013,Myanmar,Sweden,45
2013,Eritrea,Sweden,491
2013,Myanmar,USA,20586
2013,Syrian Arab Rep.,UK,1
2013,Syrian Arab Rep.,Luxembourg,25
2013,Eritrea,France,23
2013,Bhutan,New Zealand,122
2013,Sudan,USA,2223
2013,Afghanistan,Finland,279
2013,Sudan,Portugal,1
2013,Somalia,Netherlands,9
2013,Iran (Islamic Rep. of),Belgium,1
2013,Dem. Rep. of the Congo,Iceland,1
2013,Sudan,Ireland,5
2013,Syrian Arab Rep.,Netherlands,104
2013,Dem. Rep. of the Congo,New Zealand,9
2013,Dem. Rep. of the Congo,Norway,213
2013,Sudan,New Zealand,4
2013,Eritrea,Canada,1079
2013,Myanmar,Canada,622
2013,Dem. Rep. of the Congo,Ireland,31
2013,Afghanistan,New Zealand,45
2013,Iran (Islamic Rep. of),Netherlands,7
2013,Syrian Arab Rep.,Norway,9
2013,Eritrea,Norway,277
2013,Bhutan,Denmark,122
2013,Sudan,UK,162
2013,Afghanistan,Norway,247
2013,Afghanistan,Portugal,4
2013,Somalia,Iceland,1
2013,Iran (Islamic Rep. of),Germany,147
2013,Afghanistan,Belgium,1
2013,Afghanistan,USA,926
2013,Eritrea,Denmark,3
2013,Iran (Islamic Rep. of),Iceland,4
2013,Dem. Rep. of the Congo,France,21
2013,Syrian Arab Rep.,New Zealand,3
2013,Eritrea,UK,4
2013,Iraq,USA,7409
2013,Iran (Islamic Rep. of),Australia,465
2013,Iraq,Sweden,3
2013,Syrian Arab Rep.,Canada,105
2013,Eritrea,Finland,21
2013,Bhutan,UK,3
2013,Sudan,Australia,88
2013,Afghanistan,France,28
2013,Iran (Islamic Rep. of),Finland,156
2013,Iran (Islamic Rep. of),USA,1169
2013,Sudan,France,19
2013,Iran (Islamic Rep. of),New Zealand,9
2013,Iran (Islamic Rep. of),Denmark,1
2013,Eritrea,New Zealand,29
2013,Somalia,Ireland,5
2013,Dem. Rep. of the Congo,Australia,850
2013,Dem. Rep. of the Congo,Finland,169
2013,Dem. Rep. of the Congo,Portugal,3
2013,Iraq,Canada,2365
2013,Iraq,Australia,2517
2013,Myanmar,Japan,69
2013,Syrian Arab Rep.,Hungary,5
2013,Eritrea,Netherlands,207
2013,Bhutan,Norway,3
2013,Sudan,Finland,187
2013,Afghanistan,Iceland,16
2013,Iran (Islamic Rep. of),France,5
2013,Syrian Arab Rep.,USA,107
2013,Syrian Arab Rep.,Germany,4253
2013,Afghanistan,Canada,241
2013,Afghanistan,Germany,5
2013,Iraq,UK,175
2013,Dem. Rep. of the Congo,Chile,3
2013,Dem. Rep. of the Congo,Sweden,270
2013,Dem. Rep. of the Congo,Netherlands,230
2013,Iran (Islamic Rep. of),Portugal,13
2013,Somalia,USA,7606
2013,Iraq,New Zealand,79
2013,Myanmar,Finland,2
2013,Syrian Arab Rep.,Australia,114
2013,Eritrea,Iceland,1
2013,Afghanistan,Netherlands,5
2013,Sudan,Sweden,75
2013,Afghanistan,Ireland,42
2013,Iran (Islamic Rep. of),UK,2
2013,Dem. Rep. of the Congo,UK,178
2013,Syrian Arab Rep.,Switzerland,21
2013,Dem. Rep. of the Congo,USA,8905
2013,Afghanistan,Australia,2880
2013,Iraq,Switzerland,26
2013,Iraq,Netherlands,167
2013,Iran (Islamic Rep. of),Canada,821
2013,Bhutan,USA,5472
2013,Somalia,Canada,320
2013,Myanmar,New Zealand,262
2013,Myanmar,Norway,11
2013,Iraq,Finland,26
2013,Somalia,Denmark,53
2013,Afghanistan,Denmark,3
2013,Sudan,Canada,191
2013,Iran (Islamic Rep. of),Sweden,15
2013,Iraq,Romania,82
2013,Dem. Rep. of the Congo,Canada,733
2013,Syrian Arab Rep.,Denmark,1
2013,Eritrea,USA,1323
2013,Afghanistan,Sweden,452
2013,Iraq,Germany,349
2013,Iraq,France,15
2013,Syrian Arab Rep.,Austria,32
2013,Somalia,Finland,36
2013,Bhutan,Australia,729
2013,Somalia,France,87
2013,Somalia,New Zealand,19
2013,Myanmar,Netherlands,2
2013,Iraq,Norway,6
2013,Somalia,Norway,246
2013,Sudan,Norway,17
2013,Iran (Islamic Rep. of),Norway,11
2013,Iraq,Portugal,6
2013,Dem. Rep. of the Congo,Belgium,76
2013,Syrian Arab Rep.,Iceland,1
2013,Eritrea,Australia,279
2013,Myanmar,Australia,1880
2013,Somalia,Germany,10
2014,Bhutan,Canada,423
2014,Somalia,USA,8208
2014,Afghanistan,Germany,26
2014,Syrian Arab Rep.,Iceland,14
2014,Sudan,Finland,188
2014,Syrian Arab Rep.,Czechia,11
2014,Somalia,Denmark,43
2014,Myanmar,Denmark,1
2014,Eritrea,New Zealand,15
2014,Afghanistan,Finland,206
2014,Syrian Arab Rep.,Germany,2108
2014,Syrian Arab Rep.,Belgium,96
2014,Afghanistan,USA,1894
2014,Iran (Islamic Rep. of),Finland,2
2014,Iraq,Netherlands,20
2014,Iraq,UK,110
2014,Dem. Rep. of the Congo,UK,253
2014,Dem. Rep. of the Congo,Belgium,85
2014,Bhutan,Australia,17
2014,Dem. Rep. of the Congo,Canada,2409
2014,Iran (Islamic Rep. of),Australia,323
2014,Dem. Rep. of the Congo,New Zealand,4
2014,Sudan,Denmark,37
2014,Iran (Islamic Rep. of),UK,4
2014,Somalia,Finland,41
2014,Myanmar,Finland,1
2014,Iraq,USA,7115
2014,Afghanistan,Iceland,10
2014,Syrian Arab Rep.,Sweden,782
2014,Myanmar,Canada,731
2014,Afghanistan,Norway,292
2014,Iran (Islamic Rep. of),Denmark,4
2014,Iraq,Norway,17
2014,Iraq,Sweden,12
2014,Dem. Rep. of the Congo,Netherlands,100
2014,Bhutan,New Zealand,211
2014,Eritrea,Canada,1488
2014,Iran (Islamic Rep. of),New Zealand,24
2014,Iran (Islamic Rep. of),Iceland,4
2014,Sudan,Canada,300
2014,Eritrea,Finland,3
2014,Somalia,Norway,52
2014,Myanmar,Netherlands,1
2014,Iraq,New Zealand,109
2014,Afghanistan,Netherlands,9
2014,Syrian Arab Rep.,New Zealand,122
2014,Myanmar,Japan,58
2014,Afghanistan,Australia,1167
2014,Iran (Islamic Rep. of),Norway,7
2014,Somalia,New Zealand,82
2014,Somalia,Sweden,372
2014,Syrian Arab Rep.,Austria,457
2014,Dem. Rep. of the Congo,Sweden,214
2014,Bhutan,Denmark,3
2014,Eritrea,Australia,117
2014,Iraq,Australia,1220
2014,Dem. Rep. of the Congo,Switzerland,2
2014,Sudan,Netherlands,14
2014,Iraq,France,9
2014,Myanmar,Sweden,7
2014,Iran (Islamic Rep. of),Canada,784
2014,Sudan,Sweden,8
2014,Iraq,Canada,2990
2014,Iran (Islamic Rep. of),Netherlands,12
2014,Syrian Arab Rep.,France,544
2014,Myanmar,UK,3
2014,Iran (Islamic Rep. of),USA,1434
2014,Iran (Islamic Rep. of),Belgium,1
2014,Somalia,France,13
2014,Somalia,Canada,303
2014,Syrian Arab Rep.,Finland,629
2014,Dem. Rep. of the Congo,Denmark,143
2014,Bhutan,Norway,16
2014,Eritrea,Portugal,14
2014,Myanmar,Germany,16
2014,Sudan,Portugal,8
2014,Syrian Arab Rep.,Switzerland,378
2014,Sudan,UK,1
2014,Syrian Arab Rep.,Brazil,2
2014,Iraq,Germany,75
2014,Iraq,Czechia,9
2014,Iran (Islamic Rep. of),Sweden,16
2014,Syrian Arab Rep.,Portugal,27
2014,Somalia,Netherlands,7
2014,Myanmar,USA,13055
2014,Iran (Islamic Rep. of),France,2
2014,Iraq,Mexico,1
2014,Somalia,UK,215
2014,Syrian Arab Rep.,Spain,202
2014,Dem. Rep. of the Congo,Finland,199
2014,Bhutan,Netherlands,2
2014,Eritrea,Sweden,173
2014,Myanmar,New Zealand,257
2014,Sudan,France,14
2014,Syrian Arab Rep.,Uruguay,188
2014,Somalia,Australia,18
2014,Iraq,Switzerland,24
2014,Iraq,Denmark,21
2014,Syrian Arab Rep.,Denmark,165
2014,Syrian Arab Rep.,UK,242
2014,Sudan,New Zealand,3
2014,Afghanistan,France,6
2014,Myanmar,Australia,1037
2014,Afghanistan,New Zealand,521
2014,Syrian Arab Rep.,Luxembourg,59
2014,Somalia,Portugal,1
2014,Syrian Arab Rep.,Ireland,114
2014,Dem. Rep. of the Congo,Monaco,10
2014,Dem. Rep. of the Congo,France,4
2014,Eritrea,Netherlands,93
2014,Somalia,Germany,33
2014,Sudan,Norway,25
2014,Syrian Arab Rep.,Belarus,24
2014,Eritrea,France,12
2014,Sudan,Germany,2
2014,Iraq,Finland,37
2014,Syrian Arab Rep.,Norway,1193
2014,Syrian Arab Rep.,Australia,588
2014,Dem. Rep. of the Congo,Norway,258
2014,Dem. Rep. of the Congo,USA,14985
2014,Eritrea,USA,1633
2014,Afghanistan,Canada,260
2014,Syrian Arab Rep.,Liechtenstein,20
2014,Sudan,USA,1951
2014,Syrian Arab Rep.,Netherlands,169
2014,Dem. Rep. of the Congo,Australia,162
2014,Afghanistan,UK,3
2014,Eritrea,Norway,33
2014,Afghanistan,Sweden,352
2014,Syrian Arab Rep.,USA,10200
2014,Syrian Arab Rep.,Hungary,4
2014,Eritrea,Denmark,6
2014,Myanmar,Norway,3
2014,Iraq,Ireland,9
2014,Eritrea,Austria,3
2014,Syrian Arab Rep.,Canada,2816
2014,Bhutan,USA,4894
2015,Iraq,USA,7304
2015,Iran (Islamic Rep. of),Norway,21
2015,Somalia,France,5
2015,Syrian Arab Rep.,Portugal,20
2015,Myanmar,USA,8106
2015,Iraq,Netherlands,17
2015,Somalia,Finland,20
2015,Sudan,Netherlands,4
2015,Iran (Islamic Rep. of),Belgium,18
2015,Dem. Rep. of the Congo,Norway,32
2015,Eritrea,Germany,234
2015,Myanmar,Canada,55
2015,Myanmar,Japan,53
2015,Sudan,Portugal,5
2015,Somalia,New Zealand,172
2015,Syrian Arab Rep.,Ireland,560
2015,Iraq,Germany,28
2015,Iran (Islamic Rep. of),Finland,14
2015,Somalia,Norway,2
2015,Syrian Arab Rep.,Belgium,504
2015,Myanmar,Australia,1029
2015,Iraq,Finland,5
2015,Somalia,UK,184
2015,Iraq,Sweden,124
2015,Afghanistan,UK,1
2015,Dem. Rep. of the Congo,France,21
2015,Eritrea,UK,31
2015,Sudan,New Zealand,5
2015,Afghanistan,Netherlands,1
2015,Sudan,Denmark,15
2015,Sudan,France,17
2015,Syrian Arab Rep.,Netherlands,347
2015,Iraq,Portugal,3
2015,Iran (Islamic Rep. of),Sweden,20
2015,Eritrea,Italy,64
2015,Syrian Arab Rep.,Norway,3420
2015,Afghanistan,Australia,848
2015,Iraq,France,10
2015,Sudan,Germany,131
2015,Iraq,Norway,5
2015,Dem. Rep. of the Congo,New Zealand,9
2015,Eritrea,Canada,149
2015,Syrian Arab Rep.,New Zealand,604
2015,Bhutan,USA,3952
2015,Sudan,Canada,64
2015,Eritrea,Netherlands,8
2015,Dem. Rep. of the Congo,Netherlands,50
2015,Eritrea,Norway,12
2015,Iran (Islamic Rep. of),Denmark,4
2015,Iraq,Canada,1863
2015,Iran (Islamic Rep. of),Netherlands,4
2015,Iran (Islamic Rep. of),France,9
2015,Syrian Arab Rep.,Denmark,336
2015,Iran (Islamic Rep. of),Australia,139
2015,Iraq,Denmark,5
2015,Sudan,UK,136
2015,Dem. Rep. of the Congo,Australia,168
2015,Iraq,UK,149
2015,Eritrea,Australia,50
2015,Afghanistan,Norway,256
2015,Bhutan,Canada,154
2015,Syrian Arab Rep.,Canada,18192
2015,Afghanistan,New Zealand,95
2015,Somalia,Sweden,80
2015,Somalia,USA,9551
2015,Somalia,Netherlands,11
2015,Iraq,Switzerland,119
2015,Dem. Rep. of the Congo,UK,191
2015,Dem. Rep. of the Congo,USA,19048
2015,Iran (Islamic Rep. of),New Zealand,34
2015,Syrian Arab Rep.,Switzerland,454
2015,Sudan,Finland,13
2015,Dem. Rep. of the Congo,Finland,232
2015,Syrian Arab Rep.,Austria,612
2015,Eritrea,Portugal,1
2015,Afghanistan,Sweden,95
2015,Bhutan,Australia,214
2015,Syrian Arab Rep.,Germany,448
2015,Eritrea,New Zealand,1
2015,Somalia,Australia,28
2015,Somalia,Germany,49
2015,Syrian Arab Rep.,UK,2721
2015,Iraq,Italy,59
2015,Dem. Rep. of the Congo,Canada,447
2015,Sudan,USA,3793
2015,Iraq,Australia,1337
2015,Syrian Arab Rep.,Italy,369
2015,Sudan,Australia,12
2015,Dem. Rep. of the Congo,Sweden,144
2015,Syrian Arab Rep.,Czechia,205
2015,Eritrea,France,37
2015,Afghanistan,Denmark,21
2015,Bhutan,New Zealand,156
2015,Syrian Arab Rep.,Finland,763
2015,Syrian Arab Rep.,Sweden,707
2015,Afghanistan,Finland,215
2015,Iraq,Ireland,64
2015,Somalia,Canada,74
2015,Syrian Arab Rep.,Australia,5317
2015,Myanmar,Rep. of Korea,38
2015,Dem. Rep. of the Congo,Belgium,14
2015,Syrian Arab Rep.,USA,16306
2015,Iraq,New Zealand,46
2015,Syrian Arab Rep.,Iceland,63
2015,Sudan,Norway,21
2015,Afghanistan,USA,3308
2015,Syrian Arab Rep.,Spain,6
2015,Eritrea,Sweden,134
2015,Afghanistan,France,7
2015,Bhutan,Denmark,1
2015,Syrian Arab Rep.,France,1315
2015,Iran (Islamic Rep. of),Canada,484
2015,Iraq,Czechia,23
2015,Somalia,Denmark,17
2015,Eritrea,Finland,4
2015,Myanmar,Denmark,5
2015,Dem. Rep. of the Congo,Denmark,171
2015,Eritrea,USA,2968
2015,Myanmar,New Zealand,446
2015,Syrian Arab Rep.,Monaco,13
2015,Sudan,Sweden,42
2015,Afghanistan,Canada,71
2015,Syrian Arab Rep.,Hungary,23
2015,Iran (Islamic Rep. of),USA,2248
2015,Myanmar,Sweden,5
2015,Myanmar,France,1
2016,Afghanistan,France,2
2016,Somalia,Sweden,254
2016,Afghanistan,New Zealand,30
2016,Afghanistan,Canada,260
2016,Syrian Arab Rep.,Belgium,396
2016,Syrian Arab Rep.,Croatia,35
2016,Syrian Arab Rep.,Finland,997
2016,Syrian Arab Rep.,New Zealand,421
2016,Syrian Arab Rep.,Switzerland,866
2016,Eritrea,UK,34
2016,Syrian Arab Rep.,France,4280
2016,Dem. Rep. of the Congo,Norway,33
2016,Syrian Arab Rep.,Norway,3581
2016,Sudan,Finland,1
2016,Sudan,Australia,11
2016,Eritrea,New Zealand,3
2016,Eritrea,Norway,9
2016,Syrian Arab Rep.,Czechia,105
2016,Syrian Arab Rep.,Hungary,4
2016,Syrian Arab Rep.,UK,7476
2016,Eritrea,Austria,2
2016,Afghanistan,Austria,4
2016,Iraq,Australia,912
2016,Iran (Islamic Rep. of),Austria,4
2016,Dem. Rep. of the Congo,Sweden,439
2016,Iraq,Norway,13
2016,Afghanistan,USA,2095
2016,Iraq,Czechia,2
2016,Myanmar,Denmark,1
2016,Sudan,Canada,76
2016,Iran (Islamic Rep. of),Australia,171
2016,Iran (Islamic Rep. of),Canada,11
2016,Syrian Arab Rep.,Denmark,5
2016,Dem. Rep. of the Congo,USA,20962
2016,Syrian Arab Rep.,Lithuania,85
2016,Syrian Arab Rep.,Netherlands,1190
2016,Iraq,Denmark,8
2016,Myanmar,Japan,49
2016,Iraq,Canada,375
2016,Afghanistan,Sweden,180
2016,Dem. Rep. of the Congo,Denmark,19
2016,Iraq,France,15
2016,Myanmar,Rep. of Korea,43
2016,Sudan,UK,222
2016,Iran (Islamic Rep. of),New Zealand,11
2016,Somalia,New Zealand,96
2016,Syrian Arab Rep.,Germany,2205
2016,Eritrea,USA,2641
2016,Syrian Arab Rep.,Luxembourg,164
2016,Syrian Arab Rep.,Sweden,1012
2016,Iraq,UK,371
2016,Bhutan,Australia,412
2016,Iraq,USA,10769
2016,Myanmar,Australia,1223
2016,Sudan,Denmark,12
2016,Iraq,Ireland,11
2016,Afghanistan,Denmark,1
2016,Sudan,Sweden,24
2016,Iraq,New Zealand,19
2016,Sudan,Norway,8
2016,Syrian Arab Rep.,Iceland,61
2016,Dem. Rep. of the Congo,Canada,797
2016,Syrian Arab Rep.,Latvia,53
2016,Syrian Arab Rep.,USA,34469
2016,Iraq,Italy,8
2016,Bhutan,Canada,38
2016,Somalia,Canada,51
2016,Myanmar,Norway,3
2016,Somalia,Denmark,11
2016,Myanmar,USA,8200
2016,Sudan,France,6
2016,Iraq,Netherlands,32
2016,Afghanistan,UK,25
2016,Sudan,USA,5074
2016,Myanmar,Canada,39
2016,Eritrea,France,106
2016,Syrian Arab Rep.,Ireland,314
2016,Eritrea,Canada,366
2016,Syrian Arab Rep.,Malta,6
2016,Iran (Islamic Rep. of),France,8
2016,Iraq,Sweden,109
2016,Bhutan,Norway,4
2016,Somalia,UK,255
2016,Afghanistan,Australia,768
2016,Iran (Islamic Rep. of),USA,1847
2016,Iraq,Switzerland,187
2016,Syrian Arab Rep.,Bulgaria,41
2016,Syrian Arab Rep.,Australia,431
2016,Myanmar,New Zealand,512
2016,Eritrea,Sweden,194
2016,Syrian Arab Rep.,Monaco,4
2016,Somalia,USA,10002
2016,Syrian Arab Rep.,Portugal,46
2016,Dem. Rep. of the Congo,Australia,309
2016,Syrian Arab Rep.,Austria,229
2016,Bhutan,New Zealand,24
2016,Bhutan,USA,4929
2016,Somalia,Norway,14
2016,Afghanistan,Norway,9
2016,Dem. Rep. of the Congo,France,31
2016,Sudan,New Zealand,8
2016,Syrian Arab Rep.,Estonia,66
2016,Syrian Arab Rep.,Canada,16892
2016,Myanmar,Sweden,9
2016,Syrian Arab Rep.,Spain,711
2016,Eritrea,Australia,207
2016,Somalia,Australia,73
2016,Syrian Arab Rep.,Romania,15
2016,Dem. Rep. of the Congo,UK,234
2016,Syrian Arab Rep.,Italy,1094
2017,Iran (Islamic Rep. of),Germany,4
2017,Iraq,Norway,8
2017,Eritrea,Sweden,655
2017,Afghanistan,Australia,826
2017,Syrian Arab Rep.,Ireland,303
2017,Iran (Islamic Rep. of),Canada,64
2017,Somalia,France,125
2017,Syrian Arab Rep.,Estonia,143
2017,Dem. Rep. of the Congo,Australia,1306
2017,Myanmar,Sweden,5
2017,Iran (Islamic Rep. of),France,1
2017,Afghanistan,UK,96
2017,Myanmar,Japan,39
2017,Dem. Rep. of the Congo,France,27
2017,Syrian Arab Rep.,Latvia,65
2017,Eritrea,Italy,270
2017,Sudan,Norway,19
2017,Somalia,Germany,8
2017,Somalia,UK,267
2017,Afghanistan,USA,840
2017,Eritrea,Canada,529
2017,Syrian Arab Rep.,Chile,95
2017,Iraq,Canada,401
2017,Afghanistan,New Zealand,28
2017,Syrian Arab Rep.,France,4207
2017,Dem. Rep. of the Congo,Belgium,169
2017,Myanmar,USA,4661
2017,Eritrea,New Zealand,2
2017,Iran (Islamic Rep. of),UK,40
2017,Somalia,New Zealand,20
2017,Dem. Rep. of the Congo,Finland,180
2017,Syrian Arab Rep.,Malta,11
2017,Dem. Rep. of the Congo,Netherlands,182
2017,Dem. Rep. of the Congo,Norway,31
2017,Eritrea,Norway,8
2017,Eritrea,Portugal,1
2017,Sudan,UK,460
2017,Syrian Arab Rep.,Sweden,2875
2017,Iran (Islamic Rep. of),Australia,28
2017,Syrian Arab Rep.,Switzerland,1307
2017,Iraq,Finland,5
2017,Afghanistan,Norway,3
2017,Syrian Arab Rep.,UK,7072
2017,Dem. Rep. of the Congo,Canada,128
2017,Somalia,Australia,171
2017,Dem. Rep. of the Congo,New Zealand,3
2017,Iran (Islamic Rep. of),Luxembourg,1
2017,Syrian Arab Rep.,New Zealand,678
2017,Eritrea,USA,999
2017,Syrian Arab Rep.,Netherlands,2835
2017,Iraq,Italy,4
2017,Eritrea,Australia,386
2017,Eritrea,Finland,4
2017,Somalia,Portugal,1
2017,Syrian Arab Rep.,Australia,81
2017,Somalia,USA,1237
2017,Myanmar,Australia,315
2017,Syrian Arab Rep.,Iceland,21
2017,Iraq,France,25
2017,Iran (Islamic Rep. of),Sweden,5
2017,Syrian Arab Rep.,Germany,3652
2017,Sudan,Australia,43
2017,Iran (Islamic Rep. of),Norway,1
2017,Iran (Islamic Rep. of),Netherlands,3
2017,Dem. Rep. of the Congo,UK,263
2017,Dem. Rep. of the Congo,USA,9759
2017,Syrian Arab Rep.,Portugal,221
2017,Dem. Rep. of the Congo,Sweden,888
2017,Syrian Arab Rep.,Romania,48
2017,Iraq,Monaco,30
2017,Somalia,Canada,356
2017,Sudan,Finland,20
2017,Syrian Arab Rep.,Austria,253
2017,Afghanistan,Sweden,308
2017,Myanmar,Canada,102
2017,Eritrea,Netherlands,2
2017,Iraq,UK,650
2017,Bhutan,Australia,1
2017,Syrian Arab Rep.,Croatia,157
2017,Sudan,Canada,245
2017,Iran (Islamic Rep. of),Finland,1
2017,Iran (Islamic Rep. of),USA,627
2017,Eritrea,UK,42
2017,Somalia,Norway,9
2017,Syrian Arab Rep.,Spain,1369
2017,Iraq,New Zealand,53
2017,Somalia,Netherlands,7
2017,Afghanistan,France,2
2017,Syrian Arab Rep.,Belgium,1357
2017,Sudan,Sweden,177
2017,Myanmar,Rep. of Korea,42
2017,Sudan,Switzerland,9
2017,Iraq,USA,1698
2017,Bhutan,USA,138
2017,Syrian Arab Rep.,Italy,1062
2017,Iraq,Sweden,56
2017,Sudan,Germany,125
2017,Iraq,Australia,47
2017,Somalia,Sweden,369
2017,Syrian Arab Rep.,Slovenia,67
2017,Iraq,Ireland,5
2017,Sudan,Netherlands,7
2017,Afghanistan,Finland,11
2017,Syrian Arab Rep.,Canada,1327
2017,Syrian Arab Rep.,Norway,3002
2017,Myanmar,Norway,5
2017,Iraq,Iceland,36
2017,Syrian Arab Rep.,Finland,664
2017,Somalia,Finland,14
2017,Syrian Arab Rep.,Lithuania,191
2017,Iraq,Netherlands,9
2017,Eritrea,Germany,14
2017,Iraq,Germany,10
2017,Sudan,Portugal,6
2017,Iraq,Luxembourg,2
2017,Afghanistan,Canada,57
2017,Sudan,France,325
2017,Syrian Arab Rep.,Argentina,105
2017,Sudan,Belgium,1
2017,Afghanistan,Netherlands,1
2017,Syrian Arab Rep.,Cyprus,6
2017,Sudan,USA,887
2017,Myanmar,New Zealand,177
2017,Iraq,Switzerland,1
2017,Syrian Arab Rep.,USA,3942
2017,Iran (Islamic Rep. of),New Zealand,10
2017,Syrian Arab Rep.,Luxembourg,216
2017,Eritrea,France,35
2018,Eritrea,Netherlands,53
2018,Eritrea,Canada,249
2018,Sudan,Norway,128
2018,Syrian Arab Rep.,UK,4079
2018,Somalia,UK,295
2018,Dem. Rep. of the Congo,Canada,1450
2018,Afghanistan,Australia,68
2018,Syrian Arab Rep.,Norway,1212
2018,Eritrea,Malta,5
2018,Syrian Arab Rep.,Spain,1125
2018,Dem. Rep. of the Congo,New Zealand,106
2018,Afghanistan,USA,2748
2018,Syrian Arab Rep.,Ireland,389
2018,Iraq,UK,563
2018,Myanmar,Canada,294
2018,Eritrea,Switzerland,69
2018,Iran (Islamic Rep. of),Canada,253
2018,Dem. Rep. of the Congo,UK,163
2018,Syrian Arab Rep.,Germany,3928
2018,Iran (Islamic Rep. of),Netherlands,3
2018,Sudan,USA,511
2018,Iran (Islamic Rep. of),Australia,9
2018,Syrian Arab Rep.,Sweden,2151
2018,Eritrea,Portugal,11
2018,Syrian Arab Rep.,USA,85
2018,Somalia,Netherlands,28
2018,Afghanistan,Sweden,442
2018,Sudan,UK,384
2018,Iraq,Portugal,108
2018,Syrian Arab Rep.,Switzerland,1052
2018,Iraq,USA,975
2018,Myanmar,New Zealand,79
2018,Somalia,Switzerland,10
2018,Eritrea,USA,1886
2018,Dem. Rep. of the Congo,Iceland,3
2018,Syrian Arab Rep.,Croatia,330
2018,Iraq,Norway,10
2018,Somalia,Sweden,184
2018,Iraq,Australia,15
2018,Afghanistan,Canada,325
2018,Somalia,Portugal,5
2018,Sudan,Netherlands,118
2018,Eritrea,Finland,57
2018,Eritrea,New Zealand,174
2018,Syrian Arab Rep.,Argentina,9
2018,Syrian Arab Rep.,Australia,59
2018,Myanmar,USA,2165
2018,Somalia,Belgium,12
2018,Sudan,Canada,605
2018,Sudan,Iceland,2
2018,Syrian Arab Rep.,Italy,484
2018,Eritrea,UK,175
2018,Somalia,USA,242
2018,Myanmar,Japan,37
2018,Afghanistan,UK,182
2018,Sudan,Portugal,45
2018,Eritrea,France,323
2018,Somalia,Finland,5
2018,Iran (Islamic Rep. of),USA,173
2018,Dem. Rep. of the Congo,Australia,2377
2018,Iraq,Belgium,1
2018,Syrian Arab Rep.,Belgium,1086
2018,Somalia,Australia,14
2018,Dem. Rep. of the Congo,USA,15688
2018,Eritrea,Belgium,34
2018,Dem. Rep. of the Congo,France,19
2018,Iraq,Netherlands,12
2018,Syrian Arab Rep.,Lithuania,13
2018,Afghanistan,France,12
2018,Eritrea,Sweden,706
2018,Myanmar,Rep. of Korea,78
2018,Iran (Islamic Rep. of),UK,24
2018,Sudan,France,807
2018,Sudan,Finland,12
2018,Somalia,France,71
2018,Dem. Rep. of the Congo,Norway,1211
2018,Sudan,Switzerland,5
2018,Syrian Arab Rep.,Bulgaria,66
2018,Syrian Arab Rep.,New Zealand,240
2018,Dem. Rep. of the Congo,Finland,142
2018,Bhutan,USA,2
2018,Iraq,Canada,1049
2018,Afghanistan,New Zealand,206
2018,Syrian Arab Rep.,Latvia,4
2018,Afghanistan,Netherlands,1
2018,Somalia,Norway,5
2018,Somalia,New Zealand,18
2018,Iran (Islamic Rep. of),Italy,3
2018,Iraq,New Zealand,9
2018,Eritrea,Germany,281
2018,Somalia,Canada,2130
2018,Sudan,Italy,29
2018,Syrian Arab Rep.,Estonia,88
2018,Eritrea,Australia,202
2018,Dem. Rep. of the Congo,Sweden,458
2018,Bhutan,Australia,1
2018,Syrian Arab Rep.,Canada,5508
2018,Myanmar,Sweden,2
2018,Syrian Arab Rep.,Netherlands,2383
2018,Afghanistan,Finland,8
2018,Eritrea,Norway,53
2018,Iraq,Ireland,5
2018,Iran (Islamic Rep. of),Norway,4
2018,Myanmar,Australia,295
2018,Somalia,Germany,47
2018,Sudan,Sweden,254
2018,Eritrea,Italy,10
2018,Syrian Arab Rep.,Finland,628
2018,Sudan,Australia,7
2018,Dem. Rep. of the Congo,Netherlands,190
2018,Iraq,France,17
2018,Syrian Arab Rep.,France,2943
2018,Iran (Islamic Rep. of),France,1
2018,Syrian Arab Rep.,Portugal,266
2018,Afghanistan,Norway,3
2018,Iraq,Sweden,74
2018,Syrian Arab Rep.,Iceland,61
2018,Iran (Islamic Rep. of),Sweden,21
2011,Afghanistan,all,3041
2012,Afghanistan,all,4565
2013,Afghanistan,all,5175
2014,Afghanistan,all,4746
2015,Afghanistan,all,4918
2016,Afghanistan,all,3374
2017,Afghanistan,all,2172
2018,Afghanistan,all,3995
2011,Bhutan,all,13095
2012,Bhutan,all,9923
2013,Bhutan,all,7070
2014,Bhutan,all,5566
2015,Bhutan,all,4477
2016,Bhutan,all,5407
2017,Bhutan,all,139
2018,Bhutan,all,3
2011,Dem. Rep. of the Congo,all,4079
2012,Dem. Rep. of the Congo,all,6475
2013,Dem. Rep. of the Congo,all,11857
2014,Dem. Rep. of the Congo,all,18828
2015,Dem. Rep. of the Congo,all,20527
2016,Dem. Rep. of the Congo,all,22824
2017,Dem. Rep. of the Congo,all,12936
2018,Dem. Rep. of the Congo,all,21807
2011,Eritrea,all,2916
2012,Eritrea,all,1893
2013,Eritrea,all,3737
2014,Eritrea,all,3590
2015,Eritrea,all,3693
2016,Eritrea,all,3562
2017,Eritrea,all,2947
2018,Eritrea,all,4288
2011,Iran (Islamic Rep. of),all,2496
2012,Iran (Islamic Rep. of),all,2877
2013,Iran (Islamic Rep. of),all,2826
2014,Iran (Islamic Rep. of),all,2617
2015,Iran (Islamic Rep. of),all,2995
2016,Iran (Islamic Rep. of),all,2052
2017,Iran (Islamic Rep. of),all,785
2018,Iran (Islamic Rep. of),all,491
2011,Iraq,all,19994
2012,Iraq,all,10760
2013,Iraq,all,13225
2014,Iraq,all,11778
2015,Iraq,all,11161
2016,Iraq,all,12831
2017,Iraq,all,3040
2018,Iraq,all,2838
2011,Myanmar,all,21290
2012,Myanmar,all,22074
2013,Myanmar,all,23481
2014,Myanmar,all,15170
2015,Myanmar,all,9738
2016,Myanmar,all,10079
2017,Myanmar,all,5346
2018,Myanmar,all,2950
2011,Somalia,all,15719
2012,Somalia,all,7174
2013,Somalia,all,8964
2014,Somalia,all,9388
2015,Somalia,all,10193
2016,Somalia,all,10756
2017,Somalia,all,2584
2018,Somalia,all,3066
2011,Sudan,all,2517
2012,Sudan,all,2632
2013,Sudan,all,3020
2014,Sudan,all,2551
2015,Sudan,all,4258
2016,Sudan,all,5442
2017,Sudan,all,2324
2018,Sudan,all,2907
2011,Syrian Arab Rep.,all,125
2012,Syrian Arab Rep.,all,190
2013,Syrian Arab Rep.,all,5277
2014,Syrian Arab Rep.,all,21154
2015,Syrian Arab Rep.,all,53305
2016,Syrian Arab Rep.,all,77254
2017,Syrian Arab Rep.,all,37332
2018,Syrian Arab Rep.,all,28189